﻿"La variables que tienen de manera seguida una variable con sufijo ""_IAN"", fueron modificadas a partir de la validación calitativa realizada por parte del equipo Índice. Lo mismo ocurrió con aquellas variables que formaron parte de la validación. Para más información revisar la Nota Técnica disponible en www.indice.lab.gob.cl";
;
Variable;Pregunta
INST;Id institución
CATEGORÍA;Categoría a la que pertenece la institución
P1;¿Cuántas personas trabajaron en la entidad en el año 2019?
P2;¿Cuántas formaciones o profesiones distintas trabajaron en la entidad en el año 2019?
P2_A;Indique el número de empleados/funcionarios (incluyendo planta, contrata u honorarios) de su institución que utilizaron computador en forma habitual para realizar su trabajo el año 2019.
P2_B;Indique el número de empleados/funcionarios (incluyendo planta, contrata u honorarios) de su institución que utilizaron Internet en forma habitual para realizar su trabajo el año 2019.
P2_C;Indique el número de empleados/funcionarios (incluyendo planta, contrata u honorario) que tuvieron una cuenta activa de correo electrónico institucional el año 2019.
P2_D;Indique si su institución dispone de los siguientes perfiles asociados a las funciones de transformación digital (diseño de servicio, innovación pública o gestión del cambio), en su respuesta considere todos los cargos asociados a la función (analista, encargado, experto, jefe de unidad o afín).
P2_E;Señale cuántas personas se desempeñan en ese perfil.
P3;¿En el año 2019, la entidad promovió capacitaciones relacionadas a la gestión de la innovación en cualquiera de sus etapas?
P3_IAN;Archivo cargado
P3(1)_1;¿En cuál o cuáles temáticas de la gestión de la innovación se promovieron dichas capacitaciones? - En metodologías para identificar problemas relacionados a la experiencia de las personas usuarias/beneficiarias.
P3(1)_2;¿En cuál o cuáles temáticas de la gestión de la innovación se promovieron dichas capacitaciones? - En generación y diseño de soluciones innovadoras.
P3(1)_3;¿En cuál o cuáles temáticas de la gestión de la innovación se promovieron dichas capacitaciones? - En aplicación y/o implementación de soluciones innovadoras.
P3(1)_4;¿En cuál o cuáles temáticas de la gestión de la innovación se promovieron dichas capacitaciones? - En evaluación y control de los resultados de innovaciones.
P3(1)_5;¿En cuál o cuáles temáticas de la gestión de la innovación se promovieron dichas capacitaciones? - Otra
P3(1)_5_EXTRA;¿En cuál o cuáles temáticas de la gestión de la innovación se promovieron dichas capacitaciones? - Especifique
P3(2);¿Cuál fue el presupuesto ejecutado para capacitaciones relacionadas a la gestión de la innovación en el año 2019?
P3_A;¿Cuál fue el presupuesto final de la entidad al 31 de diciembre del año 2019?
P4;¿Existieron instancias de colaboración interna formales para el desarrollo de una innovación en el año 2019?
P4(1);Caracterice dichas instancias de colaboración interna (señalando quiénes participan, de qué forma se comunican, cómo trabajan y aquellos datos que considere relevante).
P4(1)_IAN;Archivo cargado
P5;¿La entidad utilizaba plataformas que permitan el trabajo colaborativo en línea en el año 2019 (por ejemplo, Google Drive o OneDrive)?
P6;¿La entidad publicaba datos operacionales distintos de los exigidos por la Ley de Transparencia en el año 2019 (por ejemplo, registros administrativos)?
P6_IAN;Archivo cargado
P6(1);Señale cuáles son los datos operacionales publicados en 2019, distintos a los exigidos por la Ley de Transparencia.
P6(2)_1;¿En qué formatos se publicaron los datos operacionales, distintos de los exigidos por la Ley de Transparencia, en 2019? - .pdf 
P6(2)_2;¿En qué formatos se publicaron los datos operacionales, distintos de los exigidos por la Ley de Transparencia, en 2019? - .xls o .xlsx 
P6(2)_3;¿En qué formatos se publicaron los datos operacionales, distintos de los exigidos por la Ley de Transparencia, en 2019? - .csv
P6(2)_4;¿En qué formatos se publicaron los datos operacionales, distintos de los exigidos por la Ley de Transparencia, en 2019? - .xml 
P6(2)_5;¿En qué formatos se publicaron los datos operacionales, distintos de los exigidos por la Ley de Transparencia, en 2019? - .json
P6(2)_6;¿En qué formatos se publicaron los datos operacionales, distintos de los exigidos por la Ley de Transparencia, en 2019? - Otro
P6(2)_6_EXTRA;¿En qué formatos se publicaron los datos operacionales, distintos de los exigidos por la Ley de Transparencia, en 2019? - Especifique
P6_A;En relación a la publicación de Datos Abiertos por parte de su institución, indique lo siguiente: A) ¿Conoce el concepto de Datos Abiertos?
P6_B;En relación a la publicación de Datos Abiertos por parte de su institución, indique lo siguiente: B) ¿Conoce el Portal de Datos (datos.gob.cl)?
P6_C;En relación a la publicación de Datos Abiertos por parte de su institución, indique lo siguiente: C) ¿Publica datos en formatos abiertos en su sitio web institucional o en uno dispuesto para esos fines?
P6_D;En relación a la publicación de Datos Abiertos por parte de su institución, indique lo siguiente: D) ¿Publica datos en formatos abiertos en el Portal de Datos (datos.gob.cl)?
P6_E;En relación a la publicación de Datos Abiertos por parte de su institución, indique lo siguiente: E) ¿Cuenta su institución con procedimiento para la anonimización de datos personales?
P6_F;En relación a la publicación de Datos Abiertos por parte de su institución, indique lo siguiente: F) ¿Cuenta su institución con un canal de comunicación con los usuarios de los datos para recibir retroalimentación?
P6_G;¿Cuál es la frecuencia de publicación de dato en el sitio web institucional?
P6_H;¿Cuál es la frecuencia de publicación de dato en el Portal de Datos (datos.gob.cl)?
P6_I;¿En su institución existe un funcionario cuya función principal es ser encargado de Datos Abiertos?
P6_J;¿Promueve su institución la reutilización de datos publicados?
P7_1;¿Qué tipo de clave de autenticación utilizaban las personas para realizar trámites en cualquiera de los medios o canales de atención de la entidad en el año 2019? - Cédula de identidad
P7_2;¿Qué tipo de clave de autenticación utilizaban las personas para realizar trámites en cualquiera de los medios o canales de atención de la entidad en el año 2019? - Clave Única
P7_3;¿Qué tipo de clave de autenticación utilizaban las personas para realizar trámites en cualquiera de los medios o canales de atención de la entidad en el año 2019? - Clave propia de la entidad
P7_4;¿Qué tipo de clave de autenticación utilizaban las personas para realizar trámites en cualquiera de los medios o canales de atención de la entidad en el año 2019? - Biometría
P7_5;¿Qué tipo de clave de autenticación utilizaban las personas para realizar trámites en cualquiera de los medios o canales de atención de la entidad en el año 2019? - No cuentan con autenticación
P8;"¿La entidad trabajaba con tecnología ""Open Source"" o ""Código Abierto"" en el año 2019?"
P9_1;¿La entidad contaba con las capacidades para desarrollar sistemas de información en los siguientes lenguajes de programación en el año 2019? - NET (C#)
P9_2;¿La entidad contaba con las capacidades para desarrollar sistemas de información en los siguientes lenguajes de programación en el año 2019? - Java
P9_3;¿La entidad contaba con las capacidades para desarrollar sistemas de información en los siguientes lenguajes de programación en el año 2019? - Python
P9_4;¿La entidad contaba con las capacidades para desarrollar sistemas de información en los siguientes lenguajes de programación en el año 2019? - PHP
P9_5;¿La entidad contaba con las capacidades para desarrollar sistemas de información en los siguientes lenguajes de programación en el año 2019? - NodeJS (Javascript)
P9_6;¿La entidad contaba con las capacidades para desarrollar sistemas de información en los siguientes lenguajes de programación en el año 2019? - Go
P9_7;¿La entidad contaba con las capacidades para desarrollar sistemas de información en los siguientes lenguajes de programación en el año 2019? - Otra
P9_7_EXTRA;¿La entidad contaba con las capacidades para desarrollar sistemas de información en los siguientes lenguajes de programación en el año 2019? - Especifique
P9_8;¿La entidad contaba con las capacidades para desarrollar sistemas de información en los siguientes lenguajes de programación en el año 2019? - Ninguna de las anteriores
P10_1;¿Con qué bases de datos contaba la entidad en el año 2019? - Oracle
P10_2;¿Con qué bases de datos contaba la entidad en el año 2019? - DB2
P10_3;¿Con qué bases de datos contaba la entidad en el año 2019? - MS-SQL
P10_4;¿Con qué bases de datos contaba la entidad en el año 2019?  -PostgreSQL
P10_5;¿Con qué bases de datos contaba la entidad en el año 2019? - MySQL o MariaDB
P10_6;¿Con qué bases de datos contaba la entidad en el año 2019? - MongoDB
P10_7;¿Con qué bases de datos contaba la entidad en el año 2019? - Otra
P10_7_EXTRA;¿Con qué bases de datos contaba la entidad en el año 2019? - Especifique
P10_8;¿Con qué bases de datos contaba la entidad en el año 2019? - Ninguna de las anteriores
P10_A;¿Su institución cuenta con Data Center?
P10_B;¿Cuenta su institución con políticas de respaldo de la información y de sus aplicaciones críticas que cumplan con las siguientes reglas? A. Periodicidad (tiempo de almacenamiento) de respaldo.
P10_C;¿Cuenta su institución con políticas de respaldo de la información y de sus aplicaciones críticas que cumplan con las siguientes reglas? B. Almacenamiento de respaldo (lugar y medio).
P10_D;¿Cuenta su institución con políticas de respaldo de la información y de sus aplicaciones críticas que cumplan con las siguientes reglas? C. Control de acceso de respaldo.
P10_E;¿Cuenta su institución con políticas de respaldo de la información y de sus aplicaciones críticas que cumplan con las siguientes reglas? D. Pruebas de respaldo (verificación, test).
P10_F;Los sistemas de información que utiliza su institución, ¿qué tipo de herramientas utilizan? - cantidad total.
P10_G;Los sistemas de información que utiliza su institución, ¿qué tipo de herramientas utilizan? - cantidad de sin licencia o mixto.
P10_H;¿Cuenta su institución con: A. un plan de continuidad del negocio (BCP)?
P10_I;¿Cuenta su institución con: B. o un plan para recuperación ante desastres (DRP) para sus procesos y productos estratégicos?
P10_J;¿Qué porcentaje de trámites completamente digitalizados tenía la entidad respecto del total de trámites identificados en el catastro de trámites para el año 2019?
P10_K;Indique si su institución cuenta con una Virtual Private Network (VPN).
P10_L;En relación al último sitio web desarrollado por su institución, indique quién desarrolló la interfaz web.
P11;¿Existía una o más áreas/unidades/oficinas dedicadas específicamente a desarrollar innovación dentro de la entidad en el año 2019?
P11_IAN;Archivo cargado
P11(1);Mencione el nombre de la o las áreas/unidades/oficinas a las que se hace referencia en la pregunta anterior.
P11(2);¿La creación del o de las áreas/unidades/oficinas a la que se hace referencia implicó algún cambio formal en la estructura organizacional en el año 2019?
P11(3)_1;¿A través de qué medio se realizó dicho cambio formal en la estructura organizacional? - A través de una Ley
P11(3)_2;¿A través de qué medio se realizó dicho cambio formal en la estructura organizacional? - A través de un reglamento
P11(3)_3;¿A través de qué medio se realizó dicho cambio formal en la estructura organizacional? - A través de una resolución exenta
P11(3)_4;¿A través de qué medio se realizó dicho cambio formal en la estructura organizacional? - A través de otro
P11(3)_4_EXTRA;¿A través de qué medio se realizó dicho cambio formal en la estructura organizacional? - Especifique
P11(4);¿De qué subdirección/subdepartamento/departamento dependía el o las áreas/unidades/oficinas a las que se hace referencia en el año 2019?
P11(5);¿Cuál fue el presupuesto ejecutado por el área/unidad/oficina de innovación en el año 2019?
P12;¿El formulario A1 de la entidad del año 2019, específicamente en el apartado de Objetivos Estratégicos Institucionales, contiene algún objetivo relacionado con innovación?
P12(1);¿Cómo se indica el concepto de innovación en los Objetivos Estratégicos Institucionales al que se hace referencia en la pregunta anterior?
P12(1)_IAN;Archivo cargado
P13;¿La entidad contaba en el año 2019 con alguna estrategia o plan de acción relacionado con innovación?
P13(1);¿Cómo se indica el concepto de innovación en la estrategia o plan de acción al que se hace referencia en la pregunta anterior?
P13(1)_IAN;Archivo cargado
P14;¿Cuántas iniciativas de innovación desarrolló la entidad durante 2019?
P14_1#1;Nombre iniciativa 1
P14_1#2;Nombre iniciativa 2
P14_1#3;Nombre iniciativa 3
P14_1#4;Nombre iniciativa 4
P14_1#5;Nombre iniciativa 5
P14_1#6;Nombre iniciativa 6
P14_1#7;Nombre iniciativa 7
P14_1#8;Nombre iniciativa 8
P14_1#9;Nombre iniciativa 9
P14_1#10;Nombre iniciativa 10
P14_2#1;Describa la iniciativa 1 indicando cuál es el problema que se buscaba abordar, cómo lo hace y en qué fecha se creó.
P14_2#2;Describa la iniciativa 2 indicando cuál es el problema que se buscaba abordar, cómo lo hace y en qué fecha se creó.
P14_2#3;Describa la iniciativa 3 indicando cuál es el problema que se buscaba abordar, cómo lo hace y en qué fecha se creó.
P14_2#4;Describa la iniciativa 4 indicando cuál es el problema que se buscaba abordar, cómo lo hace y en qué fecha se creó.
P14_2#5;Describa la iniciativa 5 indicando cuál es el problema que se buscaba abordar, cómo lo hace y en qué fecha se creó.
P14_2#6;Describa la iniciativa 6 indicando cuál es el problema que se buscaba abordar, cómo lo hace y en qué fecha se creó.
P14_2#7;Describa la iniciativa 7 indicando cuál es el problema que se buscaba abordar, cómo lo hace y en qué fecha se creó.
P14_2#8;Describa la iniciativa 8 indicando cuál es el problema que se buscaba abordar, cómo lo hace y en qué fecha se creó.
P14_2#9;Describa la iniciativa 9 indicando cuál es el problema que se buscaba abordar, cómo lo hace y en qué fecha se creó.
P14_2#10;Describa la iniciativa 10 indicando cuál es el problema que se buscaba abordar, cómo lo hace y en qué fecha se creó.
P14_3#1_1;¿De dónde surge la iniciativa 1? - Meta de la entidad
P14_3#1_2;¿De dónde surge la iniciativa 1? - A partir de las personas que trabajan en la entidad
P14_3#1_3;¿De dónde surge la iniciativa 1? - Mandato de la autoridad
P14_3#1_3_EXTRA;¿De dónde surge la iniciativa 1? - Mandato de la autoridad. ¿Qué cargo?
P14_3#1_4;¿De dónde surge la iniciativa 1? - A partir de la ciudadanía o personas usuarias/beneficiarias
P14_3#1_5;¿De dónde surge la iniciativa 1? - A partir de otra entidad pública
P14_3#1_6;¿De dónde surge la iniciativa 1? - Otro
P14_3#1_6_EXTRA;¿De dónde surge la iniciativa 1? - Especifique
P14_3#2_1;¿De dónde surge la iniciativa 2? - Meta de la entidad
P14_3#2_2;¿De dónde surge la iniciativa 2? - A partir de las personas que trabajan en la entidad
P14_3#2_3;¿De dónde surge la iniciativa 2? - Mandato de la autoridadç
P14_3#2_3_EXTRA;¿De dónde surge la iniciativa 2? - Mandato de la autoridad. ¿Qué cargo?
P14_3#2_4;¿De dónde surge la iniciativa 2? - A partir de la ciudadanía o personas usuarias/beneficiarias
P14_3#2_5;¿De dónde surge la iniciativa 2? - A partir de otra entidad pública
P14_3#2_6;¿De dónde surge la iniciativa 2? - Otro
P14_3#2_6_EXTRA;¿De dónde surge la iniciativa 2? - Especifique
P14_3#3_1;¿De dónde surge la iniciativa 3? - Meta de la entidad
P14_3#3_2;¿De dónde surge la iniciativa 3? - A partir de las personas que trabajan en la entidad
P14_3#3_3;¿De dónde surge la iniciativa 3? - Mandato de la autoridad
P14_3#3_3_EXTRA;¿De dónde surge la iniciativa 3? - Mandato de la autoridad. ¿Qué cargo?
P14_3#3_4;¿De dónde surge la iniciativa 3? - A partir de la ciudadanía o personas usuarias/beneficiarias
P14_3#3_5;¿De dónde surge la iniciativa 3? - A partir de otra entidad pública
P14_3#3_6;¿De dónde surge la iniciativa 3? - Otro
P14_3#3_6_EXTRA;¿De dónde surge la iniciativa 3? - Especifique
P14_3#4_1;¿De dónde surge la iniciativa 4? - Meta de la entidad
P14_3#4_2;¿De dónde surge la iniciativa 4? - A partir de las personas que trabajan en la entidad
P14_3#4_3;¿De dónde surge la iniciativa 4? - Mandato de la autoridad
P14_3#4_3_EXTRA;¿De dónde surge la iniciativa 4? - Mandato de la autoridad. ¿Qué cargo?
P14_3#4_4;¿De dónde surge la iniciativa 4? - A partir de la ciudadanía o personas usuarias/beneficiarias
P14_3#4_5;¿De dónde surge la iniciativa 4? - A partir de otra entidad pública
P14_3#4_6;¿De dónde surge la iniciativa 4? - Otro
P14_3#4_6_EXTRA;¿De dónde surge la iniciativa 4? - Especifique
P14_3#5_1;¿De dónde surge la iniciativa 5? - Meta de la entidad
P14_3#5_2;¿De dónde surge la iniciativa 5? - A partir de las personas que trabajan en la entidad
P14_3#5_3;¿De dónde surge la iniciativa 5? - Mandato de la autoridad
P14_3#5_3_EXTRA;¿De dónde surge la iniciativa 5? - Mandato de la autoridad. ¿Qué cargo?
P14_3#5_4;¿De dónde surge la iniciativa 5? - A partir de la ciudadanía o personas usuarias/beneficiarias
P14_3#5_5;¿De dónde surge la iniciativa 5? - A partir de otra entidad pública
P14_3#5_6;¿De dónde surge la iniciativa 5? - Otro
P14_3#5_6_EXTRA;¿De dónde surge la iniciativa 5? - Especifique
P14_3#6_1;¿De dónde surge la iniciativa 6? - Meta de la entidad
P14_3#6_2;¿De dónde surge la iniciativa 6? - A partir de las personas que trabajan en la entidad
P14_3#6_3;¿De dónde surge la iniciativa 6? - Mandato de la autoridad
P14_3#6_3_EXTRA;¿De dónde surge la iniciativa 6? - Mandato de la autoridad. ¿Qué cargo?
P14_3#6_4;¿De dónde surge la iniciativa 6? - A partir de la ciudadanía o personas usuarias/beneficiarias
P14_3#6_5;¿De dónde surge la iniciativa 6? - A partir de otra entidad pública
P14_3#6_6;¿De dónde surge la iniciativa 6? - Otro
P14_3#6_6_EXTRA;¿De dónde surge la iniciativa 6? - Especifique
P14_3#7_1;¿De dónde surge la iniciativa 7? - Meta de la entidad
P14_3#7_2;¿De dónde surge la iniciativa 7? - A partir de las personas que trabajan en la entidad
P14_3#7_3;¿De dónde surge la iniciativa 7? - Mandato de la autoridad
P14_3#7_3_EXTRA;¿De dónde surge la iniciativa 7? - Mandato de la autoridad. ¿Qué cargo?
P14_3#7_4;¿De dónde surge la iniciativa 7? - A partir de la ciudadanía o personas usuarias/beneficiarias
P14_3#7_5;¿De dónde surge la iniciativa 7? - A partir de otra entidad pública
P14_3#7_6;¿De dónde surge la iniciativa 7? - Otro
P14_3#7_6_EXTRA;¿De dónde surge la iniciativa 7? - Especifique
P14_3#8_1;¿De dónde surge la iniciativa 8? - Meta de la entidad
P14_3#8_2;¿De dónde surge la iniciativa 8? - A partir de las personas que trabajan en la entidad
P14_3#8_3;¿De dónde surge la iniciativa 8? - Mandato de la autoridad
P14_3#8_3_EXTRA;¿De dónde surge la iniciativa 8? - Mandato de la autoridad. ¿Qué cargo?
P14_3#8_4;¿De dónde surge la iniciativa 8? - A partir de la ciudadanía o personas usuarias/beneficiarias
P14_3#8_5;¿De dónde surge la iniciativa 8? - A partir de otra entidad pública
P14_3#8_6;¿De dónde surge la iniciativa 8? - Otro
P14_3#8_6_EXTRA;¿De dónde surge la iniciativa 8? - Especifique
P14_3#9_1;¿De dónde surge la iniciativa 9? - Meta de la entidad
P14_3#9_2;¿De dónde surge la iniciativa 9? - A partir de las personas que trabajan en la entidad
P14_3#9_3;¿De dónde surge la iniciativa 9? - Mandato de la autoridad
P14_3#9_3_EXTRA;¿De dónde surge la iniciativa 9? - Mandato de la autoridad. ¿Qué cargo?
P14_3#9_4;¿De dónde surge la iniciativa 9? - A partir de la ciudadanía o personas usuarias/beneficiarias
P14_3#9_5;¿De dónde surge la iniciativa 9? - A partir de otra entidad pública
P14_3#9_6;¿De dónde surge la iniciativa 9? - Otro
P14_3#9_6_EXTRA;¿De dónde surge la iniciativa 9? - Especifique
P14_3#10_1;¿De dónde surge la iniciativa 10? - Meta de la entidad
P14_3#10_2;¿De dónde surge la iniciativa 10? - A partir de las personas que trabajan en la entidad
P14_3#10_3;¿De dónde surge la iniciativa 10? - Mandato de la autoridad
P14_3#10_3_EXTRA;¿De dónde surge la iniciativa 10? - Mandato de la autoridad. ¿Qué cargo?
P14_3#10_4;¿De dónde surge la iniciativa 10? - A partir de la ciudadanía o personas usuarias/beneficiarias
P14_3#10_5;¿De dónde surge la iniciativa 10? - A partir de otra entidad pública
P14_3#10_6;¿De dónde surge la iniciativa 10? - Otro
P14_3#10_6_EXTRA;¿De dónde surge la iniciativa 10? - Especifique
P14_4#1;¿Fue diseñada la iniciativa 1?
P14_4#2;¿Fue diseñada la iniciativa 2?
P14_4#3;¿Fue diseñada la iniciativa 3?
P14_4#4;¿Fue diseñada la iniciativa 4?
P14_4#5;¿Fue diseñada la iniciativa 5?
P14_4#6;¿Fue diseñada la iniciativa 6?
P14_4#7;¿Fue diseñada la iniciativa 7?
P14_4#8;¿Fue diseñada la iniciativa 8?
P14_4#9;¿Fue diseñada la iniciativa 9?
P14_4#10;¿Fue diseñada la iniciativa 10?
P14_5#1;¿Fue prototipada la iniciativa 1?
P14_5#1_IAN;Archivo cargado
P14_5#2;¿Fue prototipada la iniciativa 2?
P14_5#2_IAN;Archivo cargado
P14_5#3;¿Fue prototipada la iniciativa 3?
P14_5#3_IAN;Archivo cargado
P14_5#4;¿Fue prototipada la iniciativa 4?
P14_5#4_IAN;Archivo cargado
P14_5#5;¿Fue prototipada la iniciativa 5?
P14_5#5_IAN;Archivo cargado
P14_5#6;¿Fue prototipada la iniciativa 6?
P14_5#6_IAN;Archivo cargado
P14_5#7;¿Fue prototipada la iniciativa 7?
P14_5#7_IAN;Archivo cargado
P14_5#8;¿Fue prototipada la iniciativa 8?
P14_5#8_IAN;Archivo cargado
P14_5#9;¿Fue prototipada la iniciativa 9?
P14_5#9_IAN;Archivo cargado
P14_5#10;¿Fue prototipada la iniciativa 10?
P14_5#10_IAN;Archivo cargado
P14_6#1;¿Fue ajustada la iniciativa 1 según resultados observados a partir de un testeo previo?
P14_6#1_IAN;Archivo cargado
P14_6#2;¿Fue ajustada la iniciativa 2 según resultados observados a partir de un testeo previo?
P14_6#2_IAN;Archivo cargado
P14_6#3;¿Fue ajustada la iniciativa 3 según resultados observados a partir de un testeo previo?
P14_6#3_IAN;Archivo cargado
P14_6#4;¿Fue ajustada la iniciativa 4 según resultados observados a partir de un testeo previo?
P14_6#4_IAN;Archivo cargado
P14_6#5;¿Fue ajustada la iniciativa 5 según resultados observados a partir de un testeo previo?
P14_6#5_IAN;Archivo cargado
P14_6#6;¿Fue ajustada la iniciativa 6 según resultados observados a partir de un testeo previo?
P14_6#6_IAN;Archivo cargado
P14_6#7;¿Fue ajustada la iniciativa 7 según resultados observados a partir de un testeo previo?
P14_6#7_IAN;Archivo cargado
P14_6#8;¿Fue ajustada la iniciativa 8 según resultados observados a partir de un testeo previo?
P14_6#8_IAN;Archivo cargado
P14_6#9;¿Fue ajustada la iniciativa 9 según resultados observados a partir de un testeo previo?
P14_6#9_IAN;Archivo cargado
P14_6#10;¿Fue ajustada la iniciativa 10 según resultados observados a partir de un testeo previo?
P14_6#10_IAN;Archivo cargado 
P14_7#1;¿Fue piloteada la iniciativa (insertar nombre)? - Iniciativa 1
P14_7#1_IAN;Archivo cargado - Iniciativa 1
P14_7#2;¿Fue piloteada la iniciativa (insertar nombre)? - Iniciativa 2
P14_7#2_IAN;Archivo cargado - Iniciativa 2
P14_7#3;¿Fue piloteada la iniciativa (insertar nombre)? - Iniciativa 3
P14_7#3_IAN;Archivo cargado - Iniciativa 3
P14_7#4;¿Fue piloteada la iniciativa (insertar nombre)? - Iniciativa 4
P14_7#4_IAN;Archivo cargado - Iniciativa 4
P14_7#5;¿Fue piloteada la iniciativa (insertar nombre)? - Iniciativa 5
P14_7#5_IAN;Archivo cargado - Iniciativa 5
P14_7#6;¿Fue piloteada la iniciativa (insertar nombre)? - Iniciativa 6
P14_7#6_IAN;Archivo cargado - Iniciativa 6
P14_7#7;¿Fue piloteada la iniciativa (insertar nombre)? - Iniciativa 7
P14_7#7_IAN;Archivo cargado - Iniciativa 7
P14_7#8;¿Fue piloteada la iniciativa (insertar nombre)? - Iniciativa 8
P14_7#8_IAN;Archivo cargado - Iniciativa 8
P14_7#9;¿Fue piloteada la iniciativa (insertar nombre)? - Iniciativa 9
P14_7#9_IAN;Archivo cargado - Iniciativa 9
P14_7#10;¿Fue piloteada la iniciativa (insertar nombre)? - Iniciativa 10
P14_7#10_IAN;Archivo cargado - Iniciativa 10
P14_8#1;¿Fue implementada la iniciativa (insertar nombre)? - Iniciativa 1
P14_8#1_IAN;Archivo cargado - Iniciativa 1
P14_8#2;¿Fue implementada la iniciativa (insertar nombre)? - Iniciativa 2
P14_8#2_IAN;Archivo cargado - Iniciativa 2
P14_8#3;¿Fue implementada la iniciativa (insertar nombre)? - Iniciativa 3
P14_8#3_IAN;Archivo cargado - Iniciativa 3
P14_8#4;¿Fue implementada la iniciativa (insertar nombre)? - Iniciativa 4
P14_8#4_IAN;Archivo cargado - Iniciativa 4
P14_8#5;¿Fue implementada la iniciativa (insertar nombre)? - Iniciativa 5
P14_8#5_IAN;Archivo cargado - Iniciativa 5
P14_8#6;¿Fue implementada la iniciativa (insertar nombre)? - Iniciativa 6
P14_8#6_IAN;Archivo cargado - Iniciativa 6
P14_8#7;¿Fue implementada la iniciativa (insertar nombre)? - Iniciativa 7
P14_8#7_IAN;Archivo cargado - Iniciativa 7
P14_8#8;¿Fue implementada la iniciativa (insertar nombre)? - Iniciativa 8
P14_8#8_IAN;Archivo cargado - Iniciativa 8
P14_8#9;¿Fue implementada la iniciativa (insertar nombre)? - Iniciativa 9
P14_8#9_IAN;Archivo cargado - Iniciativa 9
P14_8#10;¿Fue implementada la iniciativa (insertar nombre)? - Iniciativa 10
P14_8#10_IAN;Archivo cargado - Iniciativa 10
P14_9#1;¿Cómo impactó la iniciativa (insertar nombre) a las personas que trabajan en la entidad en términos de la cultura organizacional? - Iniciativa 1
P14_9#2;¿Cómo impactó la iniciativa (insertar nombre) a las personas que trabajan en la entidad en términos de la cultura organizacional? - Iniciativa 2
P14_9#3;¿Cómo impactó la iniciativa (insertar nombre) a las personas que trabajan en la entidad en términos de la cultura organizacional? - Iniciativa 3
P14_9#4;¿Cómo impactó la iniciativa (insertar nombre) a las personas que trabajan en la entidad en términos de la cultura organizacional? - Iniciativa 4
P14_9#5;¿Cómo impactó la iniciativa (insertar nombre) a las personas que trabajan en la entidad en términos de la cultura organizacional? - Iniciativa 5
P14_9#6;¿Cómo impactó la iniciativa (insertar nombre) a las personas que trabajan en la entidad en términos de la cultura organizacional? - Iniciativa 6
P14_9#7;¿Cómo impactó la iniciativa (insertar nombre) a las personas que trabajan en la entidad en términos de la cultura organizacional? - Iniciativa 7
P14_9#8;¿Cómo impactó la iniciativa (insertar nombre) a las personas que trabajan en la entidad en términos de la cultura organizacional? - Iniciativa 8
P14_9#9;¿Cómo impactó la iniciativa (insertar nombre) a las personas que trabajan en la entidad en términos de la cultura organizacional? - Iniciativa 9
P14_9#10;¿Cómo impactó la iniciativa (insertar nombre) a las personas que trabajan en la entidad en términos de la cultura organizacional? - Iniciativa 10
P14_10#1;¿Fue evaluada la iniciativa (insertar nombre)? - Iniciativa 1
P14_10#1_IAN;Archivo cargado - Iniciativa 1
P14_10#2;¿Fue evaluada la iniciativa (insertar nombre)? - Iniciativa 2
P14_10#2_IAN;Archivo cargado - Iniciativa 2
P14_10#3;¿Fue evaluada la iniciativa (insertar nombre)? - Iniciativa 3
P14_10#3_IAN;Archivo cargado - Iniciativa 3
P14_10#4;¿Fue evaluada la iniciativa (insertar nombre)? - Iniciativa 4
P14_10#4_IAN;Archivo cargado - Iniciativa 4
P14_10#5;¿Fue evaluada la iniciativa (insertar nombre)? - Iniciativa 5
P14_10#5_IAN;Archivo cargado - Iniciativa 5
P14_10#6;¿Fue evaluada la iniciativa (insertar nombre)? - Iniciativa 6
P14_10#6_IAN;Archivo cargado - Iniciativa 6
P14_10#7;¿Fue evaluada la iniciativa (insertar nombre)? - Iniciativa 7
P14_10#7_IAN;Archivo cargado - Iniciativa 7
P14_10#8;¿Fue evaluada la iniciativa (insertar nombre)? - Iniciativa 8
P14_10#8_IAN;Archivo cargado - Iniciativa 8
P14_10#9;¿Fue evaluada la iniciativa (insertar nombre)? - Iniciativa 9
P14_10#9_IAN;Archivo cargado - Iniciativa 9
P14_10#10;¿Fue evaluada la iniciativa (insertar nombre)? - Iniciativa 10
P14_10#10_IAN;Archivo cargado - Iniciativa 10
P14_11#1_1;¿Se realizaron algunas de las siguientes actividades con las personas que trabajaban en la entidad luego de que se implementó la iniciativa (insertar nombre)? - Comunicación - Iniciativa 1
P14_11#1_2;¿Se realizaron algunas de las siguientes actividades con las personas que trabajaban en la entidad luego de que se implementó la iniciativa (insertar nombre)? - Identificación de partes interesadas - Iniciativa 1
P14_11#1_3;¿Se realizaron algunas de las siguientes actividades con las personas que trabajaban en la entidad luego de que se implementó la iniciativa (insertar nombre)? - Acompañamiento - Iniciativa 1
P14_11#1_4;¿Se realizaron algunas de las siguientes actividades con las personas que trabajaban en la entidad luego de que se implementó la iniciativa (insertar nombre)? - Otra - Iniciativa 1
P14_11#1_4_EXTRA;¿Se realizaron algunas de las siguientes actividades con las personas que trabajaban en la entidad luego de que se implementó la iniciativa (insertar nombre)? - Especifique - Iniciativa 1
P14_11#1_5;¿Se realizaron algunas de las siguientes actividades con las personas que trabajaban en la entidad luego de que se implementó la iniciativa (insertar nombre)? - Ninguna de las anteriores - Iniciativa 1
P14_11#2_1;¿Se realizaron algunas de las siguientes actividades con las personas que trabajaban en la entidad luego de que se implementó la iniciativa (insertar nombre)? - Comunicación - Iniciativa 2
P14_11#2_2;¿Se realizaron algunas de las siguientes actividades con las personas que trabajaban en la entidad luego de que se implementó la iniciativa (insertar nombre)? - Identificación de partes interesadas - Iniciativa 2
P14_11#2_3;¿Se realizaron algunas de las siguientes actividades con las personas que trabajaban en la entidad luego de que se implementó la iniciativa (insertar nombre)? - Acompañamiento - Iniciativa 2
P14_11#2_4;¿Se realizaron algunas de las siguientes actividades con las personas que trabajaban en la entidad luego de que se implementó la iniciativa (insertar nombre)? - Otra - Iniciativa 2
P14_11#2_4_EXTRA;¿Se realizaron algunas de las siguientes actividades con las personas que trabajaban en la entidad luego de que se implementó la iniciativa (insertar nombre)? - Especifique - Iniciativa 2
P14_11#2_5;¿Se realizaron algunas de las siguientes actividades con las personas que trabajaban en la entidad luego de que se implementó la iniciativa (insertar nombre)? - Ninguna de las anteriores - Iniciativa 2
P14_11#3_1;¿Se realizaron algunas de las siguientes actividades con las personas que trabajaban en la entidad luego de que se implementó la iniciativa (insertar nombre)? - Comunicación - Iniciativa 3
P14_11#3_2;¿Se realizaron algunas de las siguientes actividades con las personas que trabajaban en la entidad luego de que se implementó la iniciativa (insertar nombre)? - Identificación de partes interesadas - Iniciativa 3
P14_11#3_3;¿Se realizaron algunas de las siguientes actividades con las personas que trabajaban en la entidad luego de que se implementó la iniciativa (insertar nombre)? - Acompañamiento - Iniciativa 3
P14_11#3_4;¿Se realizaron algunas de las siguientes actividades con las personas que trabajaban en la entidad luego de que se implementó la iniciativa (insertar nombre)? - Otra - Iniciativa 3
P14_11#3_4_EXTRA;¿Se realizaron algunas de las siguientes actividades con las personas que trabajaban en la entidad luego de que se implementó la iniciativa (insertar nombre)? - Especifique - Iniciativa 3
P14_11#3_5;¿Se realizaron algunas de las siguientes actividades con las personas que trabajaban en la entidad luego de que se implementó la iniciativa (insertar nombre)? - Ninguna de las anteriores - Iniciativa 3
P14_11#4_1;¿Se realizaron algunas de las siguientes actividades con las personas que trabajaban en la entidad luego de que se implementó la iniciativa (insertar nombre)? - Comunicación - Iniciativa 4
P14_11#4_2;¿Se realizaron algunas de las siguientes actividades con las personas que trabajaban en la entidad luego de que se implementó la iniciativa (insertar nombre)? - Identificación de partes interesadas - Iniciativa 4
P14_11#4_3;¿Se realizaron algunas de las siguientes actividades con las personas que trabajaban en la entidad luego de que se implementó la iniciativa (insertar nombre)? - Acompañamiento - Iniciativa 4
P14_11#4_4;¿Se realizaron algunas de las siguientes actividades con las personas que trabajaban en la entidad luego de que se implementó la iniciativa (insertar nombre)? - Otra - Iniciativa 4
P14_11#4_4_EXTRA;¿Se realizaron algunas de las siguientes actividades con las personas que trabajaban en la entidad luego de que se implementó la iniciativa (insertar nombre)? - Especifique - Iniciativa 4
P14_11#4_5;¿Se realizaron algunas de las siguientes actividades con las personas que trabajaban en la entidad luego de que se implementó la iniciativa (insertar nombre)? - Ninguna de las anteriores - Iniciativa 4
P14_11#5_1;¿Se realizaron algunas de las siguientes actividades con las personas que trabajaban en la entidad luego de que se implementó la iniciativa (insertar nombre)? - Comunicación - Iniciativa 5
P14_11#5_2;¿Se realizaron algunas de las siguientes actividades con las personas que trabajaban en la entidad luego de que se implementó la iniciativa (insertar nombre)? - Identificación de partes interesadas - Iniciativa 5
P14_11#5_3;¿Se realizaron algunas de las siguientes actividades con las personas que trabajaban en la entidad luego de que se implementó la iniciativa (insertar nombre)? - Acompañamiento - Iniciativa 5
P14_11#5_4;¿Se realizaron algunas de las siguientes actividades con las personas que trabajaban en la entidad luego de que se implementó la iniciativa (insertar nombre)? - Otra - Iniciativa 5
P14_11#5_4_EXTRA;¿Se realizaron algunas de las siguientes actividades con las personas que trabajaban en la entidad luego de que se implementó la iniciativa (insertar nombre)? - Especifique - Iniciativa 5
P14_11#5_5;¿Se realizaron algunas de las siguientes actividades con las personas que trabajaban en la entidad luego de que se implementó la iniciativa (insertar nombre)? - Ninguna de las anteriores - Iniciativa 5
P14_11#6_1;¿Se realizaron algunas de las siguientes actividades con las personas que trabajaban en la entidad luego de que se implementó la iniciativa (insertar nombre)? - Comunicación - Iniciativa 6
P14_11#6_2;¿Se realizaron algunas de las siguientes actividades con las personas que trabajaban en la entidad luego de que se implementó la iniciativa (insertar nombre)? - Identificación de partes interesadas - Iniciativa 6
P14_11#6_3;¿Se realizaron algunas de las siguientes actividades con las personas que trabajaban en la entidad luego de que se implementó la iniciativa (insertar nombre)? - Acompañamiento - Iniciativa 6
P14_11#6_4;¿Se realizaron algunas de las siguientes actividades con las personas que trabajaban en la entidad luego de que se implementó la iniciativa (insertar nombre)? - Otra - Iniciativa 6
P14_11#6_4_EXTRA;¿Se realizaron algunas de las siguientes actividades con las personas que trabajaban en la entidad luego de que se implementó la iniciativa (insertar nombre)? - Especifique - Iniciativa 6
P14_11#6_5;¿Se realizaron algunas de las siguientes actividades con las personas que trabajaban en la entidad luego de que se implementó la iniciativa (insertar nombre)? - Ninguna de las anteriores - Iniciativa 6
P14_11#7_1;¿Se realizaron algunas de las siguientes actividades con las personas que trabajaban en la entidad luego de que se implementó la iniciativa (insertar nombre)? - Comunicación - Iniciativa 7
P14_11#7_2;¿Se realizaron algunas de las siguientes actividades con las personas que trabajaban en la entidad luego de que se implementó la iniciativa (insertar nombre)? - Identificación de partes interesadas - Iniciativa 7
P14_11#7_3;¿Se realizaron algunas de las siguientes actividades con las personas que trabajaban en la entidad luego de que se implementó la iniciativa (insertar nombre)? - Acompañamiento - Iniciativa 7
P14_11#7_4;¿Se realizaron algunas de las siguientes actividades con las personas que trabajaban en la entidad luego de que se implementó la iniciativa (insertar nombre)? - Otra - Iniciativa 7
P14_11#7_4_EXTRA;¿Se realizaron algunas de las siguientes actividades con las personas que trabajaban en la entidad luego de que se implementó la iniciativa (insertar nombre)? - Especifique - Iniciativa 7
P14_11#7_5;¿Se realizaron algunas de las siguientes actividades con las personas que trabajaban en la entidad luego de que se implementó la iniciativa (insertar nombre)? - Ninguna de las anteriores - Iniciativa 7
P14_11#8_1;¿Se realizaron algunas de las siguientes actividades con las personas que trabajaban en la entidad luego de que se implementó la iniciativa (insertar nombre)? - Comunicación - Iniciativa 8
P14_11#8_2;¿Se realizaron algunas de las siguientes actividades con las personas que trabajaban en la entidad luego de que se implementó la iniciativa (insertar nombre)? - Identificación de partes interesadas - Iniciativa 8
P14_11#8_3;¿Se realizaron algunas de las siguientes actividades con las personas que trabajaban en la entidad luego de que se implementó la iniciativa (insertar nombre)? - Acompañamiento - Iniciativa 8
P14_11#8_4;¿Se realizaron algunas de las siguientes actividades con las personas que trabajaban en la entidad luego de que se implementó la iniciativa (insertar nombre)? - Otra - Iniciativa 8
P14_11#8_4_EXTRA;¿Se realizaron algunas de las siguientes actividades con las personas que trabajaban en la entidad luego de que se implementó la iniciativa (insertar nombre)? - Especifique - Iniciativa 8
P14_11#8_5;¿Se realizaron algunas de las siguientes actividades con las personas que trabajaban en la entidad luego de que se implementó la iniciativa (insertar nombre)? - Ninguna de las anteriores - Iniciativa 8
P14_11#9_1;¿Se realizaron algunas de las siguientes actividades con las personas que trabajaban en la entidad luego de que se implementó la iniciativa (insertar nombre)? - Comunicación - Iniciativa 9
P14_11#9_2;¿Se realizaron algunas de las siguientes actividades con las personas que trabajaban en la entidad luego de que se implementó la iniciativa (insertar nombre)? - Identificación de partes interesadas - Iniciativa 9
P14_11#9_3;¿Se realizaron algunas de las siguientes actividades con las personas que trabajaban en la entidad luego de que se implementó la iniciativa (insertar nombre)? - Acompañamiento - Iniciativa 9
P14_11#9_4;¿Se realizaron algunas de las siguientes actividades con las personas que trabajaban en la entidad luego de que se implementó la iniciativa (insertar nombre)? - Otra - Iniciativa 9
P14_11#9_4_EXTRA;¿Se realizaron algunas de las siguientes actividades con las personas que trabajaban en la entidad luego de que se implementó la iniciativa (insertar nombre)? - Especifique - Iniciativa 9
P14_11#9_5;¿Se realizaron algunas de las siguientes actividades con las personas que trabajaban en la entidad luego de que se implementó la iniciativa (insertar nombre)? - Ninguna de las anteriores - Iniciativa 9
P14_11#10_1;¿Se realizaron algunas de las siguientes actividades con las personas que trabajaban en la entidad luego de que se implementó la iniciativa (insertar nombre)? - Comunicación - Iniciativa 10
P14_11#10_2;¿Se realizaron algunas de las siguientes actividades con las personas que trabajaban en la entidad luego de que se implementó la iniciativa (insertar nombre)? - Identificación de partes interesadas - Iniciativa 10
P14_11#10_3;¿Se realizaron algunas de las siguientes actividades con las personas que trabajaban en la entidad luego de que se implementó la iniciativa (insertar nombre)? - Acompañamiento - Iniciativa 10
P14_11#10_4;¿Se realizaron algunas de las siguientes actividades con las personas que trabajaban en la entidad luego de que se implementó la iniciativa (insertar nombre)? - Otra - Iniciativa 10
P14_11#10_4_EXTRA;¿Se realizaron algunas de las siguientes actividades con las personas que trabajaban en la entidad luego de que se implementó la iniciativa (insertar nombre)? - Especifique - Iniciativa 10
P14_11#10_5;¿Se realizaron algunas de las siguientes actividades con las personas que trabajaban en la entidad luego de que se implementó la iniciativa (insertar nombre)? - Ninguna de las anteriores - Iniciativa 10
P14_12#01;¿Participó otra entidad pública en el desarrollo de la iniciativa (insertar nombre)? Iniciativa 01
P14_12#02;¿Participó otra entidad pública en el desarrollo de la iniciativa (insertar nombre)? Iniciativa 02
P14_12#03;¿Participó otra entidad pública en el desarrollo de la iniciativa (insertar nombre)? Iniciativa 03
P14_12#04;¿Participó otra entidad pública en el desarrollo de la iniciativa (insertar nombre)? Iniciativa 04
P14_12#05;¿Participó otra entidad pública en el desarrollo de la iniciativa (insertar nombre)? Iniciativa 05
P14_12#06;¿Participó otra entidad pública en el desarrollo de la iniciativa (insertar nombre)? Iniciativa 06
P14_12#07;¿Participó otra entidad pública en el desarrollo de la iniciativa (insertar nombre)? Iniciativa 07
P14_12#08;¿Participó otra entidad pública en el desarrollo de la iniciativa (insertar nombre)? Iniciativa 08
P14_12#09;¿Participó otra entidad pública en el desarrollo de la iniciativa (insertar nombre)? Iniciativa 09
P14_12#10;¿Participó otra entidad pública en el desarrollo de la iniciativa (insertar nombre)? Iniciativa 10
P14_13#01;Describa brevemente los resultados que se pudieron medir u observar en la entidad a partir de la iniciativa (insertar nombre). En caso que aún no haya sido implementada, indique los resultados esperados. - Iniciativa 01
P14_13#02;Describa brevemente los resultados que se pudieron medir u observar en la entidad a partir de la iniciativa (insertar nombre). En caso que aún no haya sido implementada, indique los resultados esperados. - Iniciativa 02
P14_13#03;Describa brevemente los resultados que se pudieron medir u observar en la entidad a partir de la iniciativa (insertar nombre). En caso que aún no haya sido implementada, indique los resultados esperados. - Iniciativa 03
P14_13#04;Describa brevemente los resultados que se pudieron medir u observar en la entidad a partir de la iniciativa (insertar nombre). En caso que aún no haya sido implementada, indique los resultados esperados. - Iniciativa 04
P14_13#05;Describa brevemente los resultados que se pudieron medir u observar en la entidad a partir de la iniciativa (insertar nombre). En caso que aún no haya sido implementada, indique los resultados esperados. - Iniciativa 05
P14_13#06;Describa brevemente los resultados que se pudieron medir u observar en la entidad a partir de la iniciativa (insertar nombre). En caso que aún no haya sido implementada, indique los resultados esperados. - Iniciativa 06
P14_13#07;Describa brevemente los resultados que se pudieron medir u observar en la entidad a partir de la iniciativa (insertar nombre). En caso que aún no haya sido implementada, indique los resultados esperados. - Iniciativa 07
P14_13#08;Describa brevemente los resultados que se pudieron medir u observar en la entidad a partir de la iniciativa (insertar nombre). En caso que aún no haya sido implementada, indique los resultados esperados. - Iniciativa 08
P14_13#09;Describa brevemente los resultados que se pudieron medir u observar en la entidad a partir de la iniciativa (insertar nombre). En caso que aún no haya sido implementada, indique los resultados esperados. - Iniciativa 09
P14_13#10;Describa brevemente los resultados que se pudieron medir u observar en la entidad a partir de la iniciativa (insertar nombre). En caso que aún no haya sido implementada, indique los resultados esperados. - Iniciativa 10
P14_A;Durante 2019, ¿cuántas personas de la entidad participaron en la Red de Innovadores Públicos?
P14_B;Durante 2019, ¿cuántas personas de la entidad participaron activamente en la Red de Innovadores Públicos?
P14_C;Indicador de aprendizaje con datos de la Red de Innovadores Públicos
P15;¿Existieron procedimientos formulados para identificar las necesidades o expectativas de las personas usuarias/beneficiarias en el año 2019?
P15_IAN;Archivo cargado
P15(1)_1;¿Cuál o cuáles de las siguientes opciones formaban parte de los procedimientos formulados? - Análisis cualitativos con personas o instituciones usuarias
P15(1)_2;¿Cuál o cuáles de las siguientes opciones formaban parte de los procedimientos formulados? - Encuestas a personas o instituciones usuarias
P15(1)_3;¿Cuál o cuáles de las siguientes opciones formaban parte de los procedimientos formulados? - Análisis de bases de datos administrativos propios
P15(1)_4;¿Cuál o cuáles de las siguientes opciones formaban parte de los procedimientos formulados? - Análisis con datos masivos semi estructurados
P15(1)_5;¿Cuál o cuáles de las siguientes opciones formaban parte de los procedimientos formulados? - Otro
P15(1)_5_EXTRA;¿Cuál o cuáles de las siguientes opciones formaban parte de los procedimientos formulados? - Especifique
P15_A;¿Realiza su institución mediciones de satisfacción de usuarios de sus sitios web?
P15_B_1;¿Con qué frecuencia mide su institución la satisfacción de sus usuarios/as (externo/ciudadano) por los servicios que entrega de forma digital? - Se realizan estudios de medición anualmente
P15_B_2;¿Con qué frecuencia mide su institución la satisfacción de sus usuarios/as (externo/ciudadano) por los servicios que entrega de forma digital? - Se realizan estudios de manera semestral
P15_B_3;¿Con qué frecuencia mide su institución la satisfacción de sus usuarios/as (externo/ciudadano) por los servicios que entrega de forma digital? - Se realizan estudios mensuales
P15_B_4;¿Con qué frecuencia mide su institución la satisfacción de sus usuarios/as (externo/ciudadano) por los servicios que entrega de forma digital? - Se realizan mediciones semanales
P15_B_5;¿Con qué frecuencia mide su institución la satisfacción de sus usuarios/as (externo/ciudadano) por los servicios que entrega de forma digital? - Se realizan mediciones diarias
P15_B_6;¿Con qué frecuencia mide su institución la satisfacción de sus usuarios/as (externo/ciudadano) por los servicios que entrega de forma digital? - Se realizan mediciones en tiempo real
P16;¿Existieron en el año 2019 procedimientos formulados para el desarrollo de prototipos?
P17;¿Existieron en el año 2019 procedimientos formulados para el testeo de prototipos al interior de la entidad?
P18;¿Existieron en el año 2019 instrumentos para medir el desempeño de innovación al interior de la entidad?
P18(1)_1;¿Cuál o cuáles de las siguientes opciones formaban parte de instrumentos para medir innovación? - Análisis cualitativos relacionadas con la innovación específica
P18(1)_2;¿Cuál o cuáles de las siguientes opciones formaban parte de instrumentos para medir innovación? - Encuestas a personas usuarias relacionadas con la innovación específica
P18(1)_3;¿Cuál o cuáles de las siguientes opciones formaban parte de instrumentos para medir innovación? - Análisis de bases de datos administrativos propios relacionados con la innovación específica
P18(1)_4;¿Cuál o cuáles de las siguientes opciones formaban parte de instrumentos para medir innovación? - Análisis de datos masivos semi estructurados
P18(1)_5;¿Cuál o cuáles de las siguientes opciones formaban parte de instrumentos para medir innovación? - Otro
P18(1)_5_EXTRA;¿Cuál o cuáles de las siguientes opciones formaban parte de instrumentos para medir innovación? - Especifique
P19;¿Existieron en el año 2019 procesos diseñados para el desarrollo de la innovación al interior de la entidad?
P19(1);¿Cuentan con un flujo de procesos de innovación diseñado al interior de la entidad en el año 2019?
P19(2)_1;¿Cuántas de las siguientes fases fueron consideradas al interior del o los flujogramas de procesos de innovación? - Exploración institucional
P19(2)_2;¿Cuántas de las siguientes fases fueron consideradas al interior del o los flujogramas de procesos de innovación? - Descubrimiento y definición del problema
P19(2)_3;¿Cuántas de las siguientes fases fueron consideradas al interior del o los flujogramas de procesos de innovación? - Generación y priorización de ideas
P19(2)_4;¿Cuántas de las siguientes fases fueron consideradas al interior del o los flujogramas de procesos de innovación? - Prototipado y testeo
P19(2)_5;¿Cuántas de las siguientes fases fueron consideradas al interior del o los flujogramas de procesos de innovación? - Pilotaje
P19(2)_6;¿Cuántas de las siguientes fases fueron consideradas al interior del o los flujogramas de procesos de innovación? - Implementación
P19(2)_7;¿Cuántas de las siguientes fases fueron consideradas al interior del o los flujogramas de procesos de innovación? - Evaluación
P19(2)_8;¿Cuántas de las siguientes fases fueron consideradas al interior del o los flujogramas de procesos de innovación? - Ninguna de las anteriores
P19(2)_IAN;Archivo cargado
P19(3);Enliste en detalle aquella o aquellas áreas/unidades/oficinas que formaban parte de los procesos de innovación diseñados en el año 2019.
P20;¿Existieron en el año 2019 procesos formalizados al interior de la entidad referidos al desarrollo de una innovación?
P20(1)_1;¿Cómo fueron formalizados dichos procesos? Manual
P20(1)_2;¿Cómo fueron formalizados dichos procesos? Acto administrativo
P20(1)_3;¿Cómo fueron formalizados dichos procesos? Otro
P20(1)_3_EXTRA;¿Cómo fueron formalizados dichos procesos? - Especifique
P20_A;Enliste en detalle aquella o aquellas áreas/unidades/oficinas que formaban parte de los procesos de innovación diseñados en el año 2019.
P21_1;¿Cuál o cuáles eran los lenguajes utilizados en la comunicación por parte de la entidad en el año 2019? - Lenguaje claro.
P21_2;¿Cuál o cuáles eran los lenguajes utilizados en la comunicación por parte de la entidad en el año 2019? - Lenguaje inclusivo (por ejemplo, personas en situación de discapacidad, enfoque de género)
P21_3;¿Cuál o cuáles eran los lenguajes utilizados en la comunicación por parte de la entidad en el año 2019? - Otros idiomas o dialectos (por ejemplo, pueblos indígenas, inglés, creol)
P21_4;¿Cuál o cuáles eran los lenguajes utilizados en la comunicación por parte de la entidad en el año 2019? - Ninguna de las anteriores
P21_A;Indique el nivel de cumplimiento de los sitios web de su institución respecto a los lineamientos de la Guía técnica para la implementación de sitios web accesibles (SENADIS)
P21_B_1;Indique qué medios utiliza su institución para comunicarse con los usuarios de sus servicios - Correo electrónico
P21_B_2;Indique qué medios utiliza su institución para comunicarse con los usuarios de sus servicios - Casilla postal institucional
P21_B_3;Indique qué medios utiliza su institución para comunicarse con los usuarios de sus servicios - Portal web (chat, chatbot)
P21_B_4;Indique qué medios utiliza su institución para comunicarse con los usuarios de sus servicios - SMS
P21_B_5;Indique qué medios utiliza su institución para comunicarse con los usuarios de sus servicios - Notificaciones de WhatsApp
P21_B_6;Indique qué medios utiliza su institución para comunicarse con los usuarios de sus servicios - Redes sociales (Instagram, Facebook, Twitter, otro)
P21_B_7;Indique qué medios utiliza su institución para comunicarse con los usuarios de sus servicios - Otro
P22;¿Desarrolló la entidad mecanismos de participación ciudadana distintos de los dispuestos por Ley N° 20.500 durante en el año 2019 (por ejemplo, mesas de trabajo)?
P22(1)_1;¿Cuál o cuáles mecanismos de participación ciudadana desarrolló distintos a los dispuestos por la Ley Nº 20.500 durante 2019? - Diálogos ciudadanos
P22(1)_2;¿Cuál o cuáles mecanismos de participación ciudadana desarrolló distintos a los dispuestos por la Ley Nº 20.500 durante 2019? - Mesas de trabajo
P22(1)_3;¿Cuál o cuáles mecanismos de participación ciudadana desarrolló distintos a los dispuestos por la Ley Nº 20.500 durante 2019? - Presupuestos participativos
P22(1)_4;¿Cuál o cuáles mecanismos de participación ciudadana desarrolló distintos a los dispuestos por la Ley Nº 20.500 durante 2019? - Jurados ciudadanos
P22(1)_5;¿Cuál o cuáles mecanismos de participación ciudadana desarrolló distintos a los dispuestos por la Ley Nº 20.500 durante 2019? - Otro
P22(1)_5_EXTRA;¿Cuál o cuáles mecanismos de participación ciudadana desarrolló distintos a los dispuestos por la Ley Nº 20.500 durante 2019? - Especifique
P23;¿Existieron en el año 2019 instancias que hayan considerado la participación activa de las personas usuarias/beneficiarias en la fase de: identificación de un problema u oportunidad?
P24;¿Existieron en el año 2019 instancias que hayan considerado la participación activa de las personas usuarias/beneficiarias en la fase de: co-creación de soluciones?
P25;¿Existieron en el año 2019 instancias que hayan considerado la participación activa de las personas usuarias/beneficiarias en la fase de: testeo de prototipos de solución?
P26;¿Existieron en el año 2019 instancias que hayan considerado la participación activa de las personas usuarias/beneficiarias en la fase de: evaluación de resultados de las soluciones?
P26_A;¿Considera su institución habitualmente a sus usuarios (ciudadanos) en el desarrollo de sus proyectos web (entrevistas, pruebas de usabilidad, revisión de prototipos, etc.)?
P27;¿Existieron en el año 2019 convenios tramitados con una o más entidades del Estado referidos a innovación?
P27_IAN;Archivo cargado
P28;¿Existieron en el año 2019 instancias que hayan considerado la participación de otras instituciones públicas en la fase de: identificación del problema u oportunidad?
P29;¿Existieron en el año 2019 instancias que hayan considerado la participación de otras instituciones públicas en la fase de: co-creación de soluciones?
P30;¿Existieron en el año 2019 instancias que hayan considerado la participación de otras instituciones públicas en la fase de: testeo de prototipos de solución?
P31;¿Existieron en el año 2019 instancias que hayan considerado la participación de otras instituciones públicas en la fase de: ajustes de soluciones en contexto de pilotaje?
P32;¿Existieron en el año 2019 instancias que hayan considerado la participación de otras instituciones públicas en la fase de: implementación de innovaciones?
P33;¿Existieron en el año 2019 instancias que hayan considerado la participación de otras instituciones públicas en la fase de: control y evaluación de la implementación?
P33_A;Indicador de conexión de la Red de Innovadores Públicos
P33_B;Indique aproximadamente en qué porcentaje su institución intercambia datos y documentos electrónicos como consumidor o proveedor de información, tanto con instituciones públicas como privadas. Considere como referencia la cantidad de transacciones. A. % total interoperabilidad con instituciones del Estado.
P33_C;Indique aproximadamente en qué porcentaje su institución intercambia datos y documentos electrónicos como consumidor o proveedor de información, tanto con instituciones públicas como privadas. Considere como referencia la cantidad de transacciones: Integración de servicios interoperables (por ejemplo, web services).
P33_D;Indique aproximadamente en qué porcentaje utiliza su institución los siguientes mecanismos para enviar y recibir datos y documentos electrónicos a otras instituciones del Estado. Considere como referencia la cantidad de transacciones. Transferencia de datos o documentos vía electrónica SIN intervención directa de un empleado/funcionario y sin utilizar servicios interoperables (por ejemplo, envío de datos o documentos a un correo en forma automática).
P33_E;Indique aproximadamente en qué porcentaje utiliza su institución los siguientes mecanismos para enviar y recibir datos y documentos electrónicos a otras instituciones del Estado. Considere como referencia la cantidad de transacciones. Transferencia de datos o documentos vía electrónica CON intervención directa de un empleado/funcionario y sin utilizar servicios interoperables.
P33_F;Indique aproximadamente en qué porcentaje utiliza su institución los siguientes mecanismos para enviar y recibir datos y documentos electrónicos a otras instituciones del Estado. Considere como referencia la cantidad de transacciones. Transferencia de documentos y datos a través de medios fuera de línea o transportables (por ejemplo, pendrive, CD, otros).
P33_G_1;Indique en qué formato su institución transfiere datos y documentos electrónicos a otras instituciones. - .xml
P33_G_2;Indique en qué formato su institución transfiere datos y documentos electrónicos a otras instituciones. - .json
P33_G_3;Indique en qué formato su institución transfiere datos y documentos electrónicos a otras instituciones. - .csv / Texto plano
P33_G_4;Indique en qué formato su institución transfiere datos y documentos electrónicos a otras instituciones. - Binario
P33_G_5;Indique en qué formato su institución transfiere datos y documentos electrónicos a otras instituciones. - Otro
P33_H_1;Indique si su institución cuenta con alguno de los siguientes componentes de interoperabilidad. - API Manager
P33_H_2;Indique si su institución cuenta con alguno de los siguientes componentes de interoperabilidad. - API Getway
P33_H_3;Indique si su institución cuenta con alguno de los siguientes componentes de interoperabilidad. - Bus de servicio
P33_H_4;Indique si su institución cuenta con alguno de los siguientes componentes de interoperabilidad. - Service Mesh
P33_H_5;Indique si su institución cuenta con alguno de los siguientes componentes de interoperabilidad. - Otro
P34;¿Existieron en el año 2019 instancias que hayan considerado la participación de instituciones fuera del Estado en la fase de: identificación del problema u oportunidad?
P35;¿Existieron en el año 2019 instancias que hayan considerado la participación de instituciones fuera del Estado en la fase de: co-creación de soluciones?
P36;¿Existieron en el año 2019 instancias que hayan considerado la participación de instituciones fuera del Estado en la fase de: testeo de prototipos de soluciones?
P37;¿Existieron en el año 2019 instancias que hayan considerado la participación de instituciones fuera del Estado en la fase de: ajustes de soluciones en contexto de pilotaje?
P38;¿Existieron en el año 2019 instancias que hayan considerado la participación de instituciones fuera del Estado en la fase de: implementación de innovaciones?
P39;¿Existieron en el año 2019 instancias que hayan considerado la participación de instituciones fuera del Estado en la fase de: control y evaluación de la implementación?
P39_A;Indique aproximadamente en qué porcentaje su institución intercambia datos y documentos electrónicos como consumidor o proveedor de información, tanto con instituciones públicas como privadas. Considere como referencia la cantidad de transacciones.
;
;
;
;
;
;
;
;
;
;
;
;
;
;
;
;
;
;
;
;
;
;
;
;
;
;
;
;
;
;
;
;
;
;
;
;
;
;
;
;
;
;
;
;
;
;
;
;
;
;
;
;
;
;
;
;
;
;
;
;
;
;
;
;
;
;
;
;
;
;
;
;
;
;
;
;
;
;
;
;
;
;
;
;
;
;
;
;
;
;
;
;
;
;
;
;
;
;
;
;
;
;
;
;
;
;
;
;
;
;
;
;
;
;
;
;
;
;
;
;
;
;
;
;
;
;
;
;
;
;
;
;
;
;
;
;
;
;
;
;
;
;
;
;
;
;
;
;
;
;
;
;
;
;
;
;
;
;
;
;
;
;
;
;
;
;
;
;
;
;
;
;
;
;
;
;
;
;
;
;
;
;
;
;
;
;
;
;
;
;
;
;
;
;
;
;
;
;
;
;
;
;
;
;
;
;
;
;
;
;
;
;
;
;
;
;
;
;
;
;
;
;
;
;
;
;
;
;
;
;
;
;
;
;
;
;
;
;
;
;
;
;
;
;
;
;
;
;
;
;
;
;
;
;
;
;
;
;
;
;
;
;
;
;
;
;
;
;
;
;
;
;
;
;
;
;
;
;
;
;
;
;
;
;
;
;
;
;
;
;
;
;
;
;
;
;
;
;
;
;
;
;
;
;
;
;
;
;
;
;
;
;
;
;
;
;
;
;
;
;
;
;
;
;
;
;
;
;
;
;
;
;
;
;
;
;
;
;
;
;
;
;
;
;
;
;
;
;
;
;
;
;
;
;
;
;
;
;
;
;
;
;
;
;
;
;
;
;
;
;
;
;
;
;
;
;
;
;
;
;
;
;
;
;
;
;
;
;
;
;
;
;
;
;
;
;
;
;
;
;
;
;
;
;
;
;
;
;
;
;
;
;
;
;
;
;
;
;
;
;
;
;
;
;
;
;
;
;
;
;
;
;
;
;
;
;
;
;
;
;
;
;
;
;
;
;
;
;
;
;
;
;
;
;
;
;
;
;
;
;
;
;
;
;
;
;
;
;
;
;
;
;
;
;
;
;
;
;
;
;
;
;
;
;
;
;
;
;
;
;
;
;
;
;
;
;
;
;
;
;
;
;
;
;
;
;
;
;
;
;
;
;
;
;
;
;
;
;
;
;
;
;
;
;
;
;
;
;
;
;
;
;
;
;
;
;
;
;
;
;
;
;
;
;
;
;
;
;
;
;
;
;
;
;
;
;
;
;
;
;
;
;
;
;
;
;
;
;
;
;
;
;
;
;
;
;
;
;
;
;
;
;
;
;
;
;
;
;
;
;
;
;
;
;
;
;
;
;
;
;
;
;
;
;
;
;
;
;
;
;
;
;
;
;
;
;
;
;
;
;
;
;
;
;
;
;
;
;
;
;
;
;
;
;
;
;
;
;
;
;
;
;
;
;
;
;
;
;
;
;
;
;
;
;
;
;
;
;
;
;
;
;
;
;
;
;
;
;
;
;
;
;
;
;
;
;
;
;
;
;
;
;
;
;
;
;
;
;
;
;
;
;
;
;
;
;
;
;
;
;
;
;
;
;
;
;
;
;
;
;
;
;
;
;
;
;
;
;
;
;
;
;
;
;
;
;
;
;
